НАИМЕНОВАНИЕ;АРТИКУЛ;ИМЯ_БРЕНДА;СТРАНА_БРЕНДА;РАЗДЕЛ;КАТЕГОРИЯ;ЦЕНА;ИЗОБРАЖЕНИЕ;КОЛЛЕКЦИЯ;ОПИСАНИЕ;ХАРАКТЕРИСТИКИ
Торшер Odeon Light York 4788/12F;4788/12F;Odeon Light;Италия;Торшеры;С 1 плафоном;80660;https://www.vamsvet.ru/upload/iblock/0ce/vamsvet-torsher-odeon-light-york-4788-12f.jpeg|https://www.vamsvet.ru/upload/iblock/286/torsher-odeon-light-york-4788-12f-1.jpeg|https://www.vamsvet.ru/upload/iblock/eaa/torsher-odeon-light-york-4788-12f-2.jpeg|https://www.vamsvet.ru/upload/iblock/4a0/048c41d5-ed17-11ea-80d8-ac1f6bbcde7f3.jpeg|https://www.vamsvet.ru/upload/iblock/dba/048c41d5-ed17-11ea-80d8-ac1f6bbcde7f4.jpeg|https://www.vamsvet.ru/upload/iblock/0ce/vamsvet-torsher-odeon-light-york-4788-12f.jpeg|https://www.vamsvet.ru/upload/iblock/286/torsher-odeon-light-york-4788-12f-1.jpeg|https://www.vamsvet.ru/upload/iblock/eaa/torsher-odeon-light-york-4788-12f-2.jpeg|https://www.vamsvet.ru/upload/iblock/4a0/048c41d5-ed17-11ea-80d8-ac1f6bbcde7f3.jpeg|https://www.vamsvet.ru/upload/iblock/dba/048c41d5-ed17-11ea-80d8-ac1f6bbcde7f4.jpeg;Hall;Необыкновенная модель 4788/12F со встроенным выключателем от итальянской компании Odeon Light относится к коллекции Hall и отлично подойдет для установки на пол в гостиной, оформленной в стиле арт-деко. Торшер Odeon Light York 4788/12F с цилиндрическими плафонами осветит помещение площадью 26.7 кв. м. Производитель Odeon Light рекомендует использовать для устройства лампы накаливания с цоколем E14 и мощностью 40 W. Прибор произведен с использованием материалов: стекло и металл. Основным цветом товара является золотой и прозрачный. Торшер York 4788/12F продается по цене 80660 руб. Торопитесь сделать заказ в интернет-магазине ВамСвет.;Артикул:4788/12F||Бренд:Odeon Light||Страна бренда:Италия||Коллекция:Hall||Серия:York||Стиль:Арт-деко||Высота, мм:1650||Диаметр, мм:300||Тип цоколя:E14||Тип лампочки (основной):Накаливания||Количество ламп:12||Мощность лампы, W:40||Общая мощность, W:480||Площадь освещения, м2:26.7||Напряжение, V:220-240||Виды материалов:Стеклянные||Материал арматуры:Металл||Материал плафонов:Стекло||Вид рассеивателя:Декоративный||Форма рассеивателя:Цилиндр||Цвет:Золотой||Цвет арматуры:Золотой||Цвет плафонов:Прозрачный||Степень защиты:IP20||Интерьер:Для гостиной||Место установки:На пол||Наличие выключателя:Да||Гарантия производителя:2,5 года||Гарантия магазина:12 месяцев||Раздел:Торшеры||Каталог:С 1 плафоном
Торшер Arte Lamp Rodos A2589PN-1SS;A2589PN-1SS;Arte Lamp;Италия;Торшеры;С 1 плафоном;11990;https://www.vamsvet.ru/upload/iblock/bf4/vamsvet-torsher-arte-lamp-rodos-a2589pn-1ss.jpeg|https://www.vamsvet.ru/upload/iblock/9e4/torsher-arte-lamp-rodos-a2589pn-1ss-1.jpeg|https://www.vamsvet.ru/upload/iblock/253/torsher-arte-lamp-rodos-a2589pn-1ss-2.jpeg|https://www.vamsvet.ru/upload/iblock/2c8/torsher-arte-lamp-rodos-a2589pn-1ss-3.jpeg|https://www.vamsvet.ru/upload/iblock/bf4/vamsvet-torsher-arte-lamp-rodos-a2589pn-1ss.jpeg|https://www.vamsvet.ru/upload/iblock/9e4/torsher-arte-lamp-rodos-a2589pn-1ss-1.jpeg|https://www.vamsvet.ru/upload/iblock/253/torsher-arte-lamp-rodos-a2589pn-1ss-2.jpeg|https://www.vamsvet.ru/upload/iblock/2c8/torsher-arte-lamp-rodos-a2589pn-1ss-3.jpeg;Rodos;Выдающаяся модель A2589PN-1SS от итальянской компании Arte Lamp относится к коллекции Rodos и отлично подойдет для установки на пол спальни, оформленной в современном стиле. Торшер Arte Lamp Rodos A2589PN-1SS с конусными плафонами осветит помещение площадью 3.3 кв. м. Производитель Arte Lamp рекомендует использовать для устройства лампы накаливания с цоколем E27 и мощностью 60 W. Прибор произведен с использованием материалов: текстиль, металл и ткань. Основным цветом товара является белый и серебряный. Торшер A2589PN-1SS продается по цене 11990 руб. Торопитесь сделать заказ в интернет-магазине ВамСвет.;Артикул:A2589PN-1SS||Бренд:Arte Lamp||Страна бренда:Италия||Страна производства:Китай||Коллекция:Rodos||Стиль:Современный||Высота, мм:1500||Диаметр, мм:320||Тип цоколя:E27||Тип лампочки (основной):Накаливания||Количество ламп:1||Мощность лампы, W:60||Общая мощность, W:60||Площадь освещения, м2:3.3||Напряжение, V:220-240||Виды материалов:Текстильные||Материал арматуры:Металл||Материал плафонов:Ткань||Вид рассеивателя:Абажур||Форма рассеивателя:Конусный||Цвет:Белый||Цвет арматуры:Серебро||Цвет плафонов:Белый||Степень защиты:IP20||Интерьер:Для спальни||Место установки:На пол||Гарантия производителя:12 месяцев||Гарантия магазина:12 месяцев||Раздел:Торшеры||Каталог:С 1 плафоном
Торшер Arte Lamp Sceptrum A1822PN-1BK;A1822PN-1BK;Arte Lamp;Италия;Торшеры;С 1 плафоном;8990;https://www.vamsvet.ru/upload/iblock/e16/vamsvet-torsher-arte-lamp-sceptrum-a1822pn-1bk.jpeg|https://www.vamsvet.ru/upload/iblock/388/torsher-arte-lamp-sceptrum-a1822pn-1bk-1.jpeg|https://www.vamsvet.ru/upload/iblock/7fa/torsher-arte-lamp-sceptrum-a1822pn-1bk-2.jpeg|https://www.vamsvet.ru/upload/iblock/f7d/torsher-arte-lamp-sceptrum-a1822pn-1bk-3.jpeg|https://www.vamsvet.ru/upload/iblock/f40/torsher-arte-lamp-sceptrum-a1822pn-1bk-4.jpeg|https://www.vamsvet.ru/upload/iblock/e16/vamsvet-torsher-arte-lamp-sceptrum-a1822pn-1bk.jpeg|https://www.vamsvet.ru/upload/iblock/388/torsher-arte-lamp-sceptrum-a1822pn-1bk-1.jpeg|https://www.vamsvet.ru/upload/iblock/7fa/torsher-arte-lamp-sceptrum-a1822pn-1bk-2.jpeg|https://www.vamsvet.ru/upload/iblock/f7d/torsher-arte-lamp-sceptrum-a1822pn-1bk-3.jpeg|https://www.vamsvet.ru/upload/iblock/f40/torsher-arte-lamp-sceptrum-a1822pn-1bk-4.jpeg;Sceptrum;Феноменальная модель A1822PN-1BK от итальянской компании Arte Lamp относится к коллекции Sceptrum и отлично подойдет для установки на пол в гостиной, оформленной в современном стиле. Торшер Arte Lamp Sceptrum A1822PN-1BK с круглыми плафонами осветит помещение площадью 5 кв. м. холодным светом. Осветительный элемент встроен в конструкцию и не требует приобретения дополнительных лампочек. Прибор произведен с использованием материалов: пластик и металл. В комплект поставки входит пульт дистанционного управления. Основным цветом товара является белый и черный. Торшер A1822PN-1BK с диммером продается по цене 8990 руб. Торопитесь сделать заказ в интернет-магазине ВамСвет.;Артикул:A1822PN-1BK||Бренд:Arte Lamp||Страна бренда:Италия||Страна производства:Китай||Коллекция:Sceptrum||Стиль:Современный||Количество плафонов:1||Высота, мм:1750||Диаметр, мм:252||Тип цоколя:LED||Тип лампочки (основной):Светодиодная||Мощность лампы, W:20||Общая мощность, W:20||Площадь освещения, м2:5||Световой поток, lm:1500||Цветовая температура:3000K||Лампы в комплекте:Да||Напряжение, V:220-240||Соответствие лампы накаливания, Вт:150||Индекс цветопередачи, Ra:80||Виды материалов:Пластиковые||Материал арматуры:Металл||Материал плафонов:Пластик||Вид рассеивателя:Плафон||Форма рассеивателя:Круглый||Цвет:Белый||Цвет арматуры:Черный||Цвет плафонов:Белый||Степень защиты:IP20||Интерьер:Для гостиной||Место установки:На пол||Пульт ДУ:Да||Наличие диммера:Да||Тип управления:пульт ДУ||Цвет свечения:Теплый белый||Срок службы:25000 часов||Гарантия производителя:12 месяцев||Гарантия магазина:12 месяцев||Раздел:Торшеры||Каталог:С 1 плафоном
Торшер Arte Lamp Alice A3579PN-3AB;A3579PN-3AB;Arte Lamp;Италия;Торшеры;С 1 плафоном;33990;https://www.vamsvet.ru/upload/iblock/cd1/vamsvet-torsher-arte-lamp-alice-a3579pn-3ab.jpeg|https://www.vamsvet.ru/upload/iblock/483/torsher-arte-lamp-alice-a3579pn-3ab-1.jpeg|https://www.vamsvet.ru/upload/iblock/05d/torsher-arte-lamp-alice-a3579pn-3ab-2.jpeg|https://www.vamsvet.ru/upload/iblock/79c/torsher-arte-lamp-alice-a3579pn-3ab-3.jpeg|https://www.vamsvet.ru/upload/iblock/cd1/vamsvet-torsher-arte-lamp-alice-a3579pn-3ab.jpeg|https://www.vamsvet.ru/upload/iblock/483/torsher-arte-lamp-alice-a3579pn-3ab-1.jpeg|https://www.vamsvet.ru/upload/iblock/05d/torsher-arte-lamp-alice-a3579pn-3ab-2.jpeg|https://www.vamsvet.ru/upload/iblock/79c/torsher-arte-lamp-alice-a3579pn-3ab-3.jpeg;Alice;Неповторимая модель A3579PN-3AB от итальянской компании Arte Lamp относится к коллекции Alice и отлично подойдет для установки на пол в гостиной, оформленной в стиле арт-деко. Торшер Arte Lamp Alice A3579PN-3AB с конусными плафонами осветит помещение площадью 6.7 кв. м. Производитель Arte Lamp рекомендует использовать для устройства лампы накаливания с цоколем E14 и мощностью 40 W. Прибор произведен с использованием материалов: текстиль, металл и ткань. Основным цветом товара является бежевый и бронзовый. Торшер A3579PN-3AB продается по цене 33990 руб. Торопитесь сделать заказ в интернет-магазине ВамСвет.;Артикул:A3579PN-3AB||Бренд:Arte Lamp||Страна бренда:Италия||Страна производства:Китай||Коллекция:Alice||Стиль:Арт-деко||Высота, мм:1650||Диаметр, мм:450||Тип цоколя:E14||Тип лампочки (основной):Накаливания||Количество ламп:3||Мощность лампы, W:40||Общая мощность, W:120||Площадь освещения, м2:6.7||Напряжение, V:220-240||Виды материалов:Текстильные||Материал арматуры:Металл||Материал плафонов:Ткань||Вид рассеивателя:Абажур||Форма рассеивателя:Конусный||Цвет:Бежевый||Цвет арматуры:Бронза||Цвет плафонов:Бежевый||Степень защиты:IP20||Интерьер:Для гостиной||Место установки:На пол||Пульт ДУ:Нет||Гарантия производителя:12 месяцев||Гарантия магазина:12 месяцев||Раздел:Торшеры||Каталог:С 1 плафоном
Торшер Maytoni Alicante MOD014FL-01N;MOD014FL-01N;Maytoni;Германия;Торшеры;С 1 плафоном;22790;https://www.vamsvet.ru/upload/iblock/81a/vamsvet-torsher-maytoni-alicante-mod014fl-01n.jpeg;Alicante;Несравненная модель MOD014FL-01N от немецкой компании Maytoni относится к коллекции Alicante и отлично подойдет для установки на пол в гостиной, оформленной в дизайнерском стиле. Торшер Maytoni Alicante MOD014FL-01N с цилиндрическими плафонами осветит помещение площадью 2.2 кв. м. Производитель Maytoni рекомендует использовать для устройства лампы накаливания с цоколем E27 и мощностью 40 W. Прибор произведен с использованием материалов: текстиль, металл и ткань. Основным цветом товара является белый и никелевый. Торшер MOD014FL-01N продается по цене 22790 руб. Торопитесь сделать заказ в интернет-магазине ВамСвет.;Артикул:MOD014FL-01N||Бренд:Maytoni||Страна бренда:Германия||Коллекция:Alicante||Стиль:Дизайнерский||Высота, мм:1580||Диаметр, мм:400||Тип цоколя:E27||Тип лампочки (основной):Накаливания||Количество ламп:1||Мощность лампы, W:40||Общая мощность, W:40||Площадь освещения, м2:2.2||Напряжение, V:220-240||Виды материалов:Текстильные||Материал арматуры:Металл||Материал плафонов:Ткань||Вид рассеивателя:Абажур||Форма рассеивателя:Цилиндр||Цвет:Белый||Цвет арматуры:Никель||Цвет плафонов:Белый||Тип поверхности:Матовая||Степень защиты:IP20||Интерьер:Для гостиной||Место установки:На пол||Гарантия производителя:2 года||Гарантия магазина:12 месяцев||Раздел:Торшеры||Каталог:С 1 плафоном
Торшер Maytoni Bergamo MOD613FL-01B;MOD613FL-01B;Maytoni;Германия;Торшеры;С 1 плафоном;19190;https://www.vamsvet.ru/upload/iblock/d61/vamsvet-torsher-maytoni-bergamo-mod613fl-01b.jpeg|https://www.vamsvet.ru/upload/iblock/b02/torsher-maytoni-bergamo-mod613fl-01b-1.jpeg|https://www.vamsvet.ru/upload/iblock/f97/torsher-maytoni-bergamo-mod613fl-01b-2.jpeg|https://www.vamsvet.ru/upload/iblock/ed2/torsher-maytoni-bergamo-mod613fl-01b-3.jpeg|https://www.vamsvet.ru/upload/iblock/f6e/torsher-maytoni-bergamo-mod613fl-01b-4.jpeg|https://www.vamsvet.ru/upload/iblock/261/torsher-maytoni-bergamo-mod613fl-01b-5.jpeg|https://www.vamsvet.ru/upload/iblock/d61/vamsvet-torsher-maytoni-bergamo-mod613fl-01b.jpeg|https://www.vamsvet.ru/upload/iblock/b02/torsher-maytoni-bergamo-mod613fl-01b-1.jpeg|https://www.vamsvet.ru/upload/iblock/f97/torsher-maytoni-bergamo-mod613fl-01b-2.jpeg|https://www.vamsvet.ru/upload/iblock/ed2/torsher-maytoni-bergamo-mod613fl-01b-3.jpeg|https://www.vamsvet.ru/upload/iblock/f6e/torsher-maytoni-bergamo-mod613fl-01b-4.jpeg|https://www.vamsvet.ru/upload/iblock/261/torsher-maytoni-bergamo-mod613fl-01b-5.jpeg;Bergamo;Неподражаемая модель MOD613FL-01B со встроенным выключателем от немецкой компании Maytoni относится к коллекции Bergamo и отлично подойдет для установки на пол спальни, оформленной в современном стиле. Торшер Maytoni Bergamo MOD613FL-01B с конусными плафонами осветит помещение площадью 3.3 кв. м. Производитель Maytoni рекомендует использовать для устройства лампы накаливания с цоколем E27 и мощностью 60 W. Прибор произведен с использованием материалов: текстиль, металл и ткань. Основным цветом товара является дымчатый и хромовый. Торшер MOD613FL-01B продается по цене 19190 руб. Торопитесь сделать заказ в интернет-магазине ВамСвет.;Артикул:MOD613FL-01B||Бренд:Maytoni||Страна бренда:Германия||Коллекция:Bergamo||Стиль:Современный||Высота, мм:1700||Диаметр, мм:420||Тип цоколя:E27||Тип лампочки (основной):Накаливания||Количество ламп:1||Мощность лампы, W:60||Общая мощность, W:60||Площадь освещения, м2:3.3||Напряжение, V:220-240||Виды материалов:Текстильные||Материал арматуры:Металл||Материал плафонов:Ткань||Вид рассеивателя:Абажур||Форма рассеивателя:Конусный||Цвет:Дымчатый||Цвет арматуры:Хром||Цвет плафонов:Дымчатый||Степень защиты:IP20||Интерьер:Для спальни||Место установки:На пол||Пульт ДУ:Нет||Наличие выключателя:Да||Гарантия производителя:2 года||Гарантия магазина:12 месяцев||Раздел:Торшеры||Каталог:С 1 плафоном
Торшер Maytoni Estudo Z010FL-L8B3K;Z010FL-L8B3K;Maytoni;Германия;Торшеры;С 1 плафоном;24990;https://www.vamsvet.ru/upload/iblock/f6d/vamsvet-torsher-maytoni-estudo-z010fl-l8b3k.jpeg|https://www.vamsvet.ru/upload/iblock/f6d/vamsvet-torsher-maytoni-estudo-z010fl-l8b3k.jpeg|https://www.vamsvet.ru/upload/iblock/80c/82cf51b8-eb6d-11e9-bc61-002590ec3f3a2.jpeg;Estudo;Поразительная модель Z010FL-L8B3K от немецкой компании Maytoni относится к коллекции Estudo и отлично подойдет для установки на пол в гостиной, оформленной в современном стиле. Осветительный элемент встроен в конструкцию и не требует приобретения дополнительных лампочек. Прибор произведен с использованием материала: металл. Основным цветом товара является черный. Торшер Z010FL-L8B3K продается по цене 24990 руб. Торопитесь сделать заказ в интернет-магазине ВамСвет.;Артикул:Z010FL-L8B3K||Бренд:Maytoni||Страна бренда:Германия||Коллекция:Estudo||Стиль:Современный||Ширина, мм:240||Высота, мм:1387||Длина, мм:305||Тип цоколя:LED||Тип лампочки (основной):Светодиодная||Мощность лампы, W:8||Общая мощность, W:8||Световой поток, lm:700||Цветовая температура:3000K||Напряжение, V:220-240||Индекс цветопередачи, Ra:85||Виды материалов:Металлические||Материал арматуры:Металл||Материал плафонов:Металл||Вид рассеивателя:Плафон||Форма рассеивателя:Цилиндр||Цвет:Черный||Цвет арматуры:Черный||Цвет плафонов:Черный||Степень защиты:IP20||Интерьер:Для гостиной||Место установки:На пол||Гарантия производителя:3 года||Гарантия магазина:12 месяцев||Раздел:Торшеры||Каталог:С 1 плафоном
Торшер Eurosvet 009/1T RDM;009/1T RDM;Eurosvet;Россия;Торшеры;С 1 плафоном;9000;https://www.vamsvet.ru/upload/iblock/28d/vamsvet-torsher-eurosvet-009-1t-rdm.jpeg|https://www.vamsvet.ru/upload/iblock/0fe/torsher-eurosvet-009-1t-rdm-1.jpeg|https://www.vamsvet.ru/upload/iblock/e8e/torsher-eurosvet-009-1t-rdm-2.jpeg|https://www.vamsvet.ru/upload/iblock/28d/vamsvet-torsher-eurosvet-009-1t-rdm.jpeg|https://www.vamsvet.ru/upload/iblock/0fe/torsher-eurosvet-009-1t-rdm-1.jpeg|https://www.vamsvet.ru/upload/iblock/e8e/torsher-eurosvet-009-1t-rdm-2.jpeg;Majorka;Утонченная модель 009/1T RDM от российской компании Eurosvet относится к коллекции Majorka и отлично подойдет для установки на пол в гостиной, оформленной в стиле арт-деко. Торшер Eurosvet 009/1T RDM с конусными плафонами осветит помещение площадью 4 кв. м. Производитель Eurosvet рекомендует использовать для устройства лампы накаливания с цоколем E27 и мощностью 60 W. Прибор произведен с использованием материалов: текстиль, металл и ткань. Основным цветом товара является янтарный и хромовый. Торшер 009/1T RDM продается по цене 9000 руб. Торопитесь сделать заказ в интернет-магазине ВамСвет.;Артикул:009/1T RDM||Бренд:Eurosvet||Страна бренда:Россия||Страна производства:Китай||Коллекция:Majorka||Стиль:Арт-деко||Высота, мм:1600||Диаметр, мм:450||Тип цоколя:E27||Тип лампочки (основной):Накаливания||Количество ламп:1||Мощность лампы, W:60||Общая мощность, W:60||Напряжение, V:220-240||Виды материалов:Текстильные||Материал арматуры:Металл||Материал плафонов:Ткань||Вид рассеивателя:Абажур||Форма рассеивателя:Конусный||Цвет:Янтарный||Цвет арматуры:Хром||Цвет плафонов:Янтарный||Степень защиты:IP20||Интерьер:Для гостиной||Место установки:На пол||Пульт ДУ:Нет||Срок службы:6 лет||Гарантия производителя:12 месяцев||Гарантия магазина:12 месяцев||Раздел:Торшеры||Каталог:С 1 плафоном
Торшер Freya Driana FR2405-FL-01-BZ;FR2405-FL-01-BZ;Freya;Германия;Торшеры;С 1 плафоном;19990;https://www.vamsvet.ru/upload/iblock/c78/vamsvet-torsher-freya-driana-fr2405-fl-01-bz.jpeg|https://www.vamsvet.ru/upload/iblock/c6c/torsher-freya-driana-fr2405-fl-01-bz-1.jpeg|https://www.vamsvet.ru/upload/iblock/0bb/torsher-freya-driana-fr2405-fl-01-bz-2.jpeg|https://www.vamsvet.ru/upload/iblock/f32/torsher-freya-driana-fr2405-fl-01-bz-3.jpeg|https://www.vamsvet.ru/upload/iblock/465/torsher-freya-driana-fr2405-fl-01-bz-4.jpeg|https://www.vamsvet.ru/upload/iblock/910/torsher-freya-driana-fr2405-fl-01-bz-5.jpeg|https://www.vamsvet.ru/upload/iblock/c78/vamsvet-torsher-freya-driana-fr2405-fl-01-bz.jpeg|https://www.vamsvet.ru/upload/iblock/c6c/torsher-freya-driana-fr2405-fl-01-bz-1.jpeg|https://www.vamsvet.ru/upload/iblock/0bb/torsher-freya-driana-fr2405-fl-01-bz-2.jpeg|https://www.vamsvet.ru/upload/iblock/f32/torsher-freya-driana-fr2405-fl-01-bz-3.jpeg|https://www.vamsvet.ru/upload/iblock/465/torsher-freya-driana-fr2405-fl-01-bz-4.jpeg|https://www.vamsvet.ru/upload/iblock/910/torsher-freya-driana-fr2405-fl-01-bz-5.jpeg;Driana;Непревзойденная модель FR2405-FL-01-BZ от немецкой компании Freya относится к коллекции Driana и отлично подойдет для установки на пол спальни, оформленной в стиле флористика. Торшер Freya Driana FR2405-FL-01-BZ с конусными плафонами осветит помещение площадью 2.2 кв. м. Производитель Freya рекомендует использовать для устройства лампы накаливания с цоколем E14 и мощностью 40 W. Прибор произведен с использованием материалов: текстиль, металл и органза. Основным цветом товара является бежевый и бронзовый. Торшер FR2405-FL-01-BZ продается по цене 19990 руб. Торопитесь сделать заказ в интернет-магазине ВамСвет.;Артикул:FR2405-FL-01-BZ||Бренд:Freya||Страна бренда:Германия||Коллекция:Driana||Стиль:Флористика||Высота, мм:1583||Диаметр, мм:382||Тип цоколя:E14||Тип лампочки (основной):Накаливания||Количество ламп:1||Мощность лампы, W:40||Общая мощность, W:40||Площадь освещения, м2:2.2||Напряжение, V:220-240||Виды материалов:Текстильные||Материал арматуры:Металл||Материал плафонов:Органза||Вид рассеивателя:Абажур||Форма рассеивателя:Конусный||Цвет:Бежевый||Цвет арматуры:Бронза||Цвет плафонов:Бежевый||Степень защиты:IP20||Интерьер:Для спальни||Место установки:На пол||Пульт ДУ:Нет||Гарантия производителя:12 месяцев||Гарантия магазина:12 месяцев||Раздел:Торшеры||Каталог:С 1 плафоном
Торшер Freya Nubi FR5134-FL-01-BG;FR5134-FL-01-BG;Freya;Германия;Торшеры;С 1 плафоном;27590;https://www.vamsvet.ru/upload/iblock/532/vamsvet-torsher-freya-nubi-fr5134-fl-01-bg.jpeg|https://www.vamsvet.ru/upload/iblock/527/torsher-freya-nubi-fr5134-fl-01-bg-1.jpeg|https://www.vamsvet.ru/upload/iblock/a7f/torsher-freya-nubi-fr5134-fl-01-bg-2.jpeg|https://www.vamsvet.ru/upload/iblock/4a6/torsher-freya-nubi-fr5134-fl-01-bg-3.jpeg|https://www.vamsvet.ru/upload/iblock/532/vamsvet-torsher-freya-nubi-fr5134-fl-01-bg.jpeg|https://www.vamsvet.ru/upload/iblock/527/torsher-freya-nubi-fr5134-fl-01-bg-1.jpeg|https://www.vamsvet.ru/upload/iblock/a7f/torsher-freya-nubi-fr5134-fl-01-bg-2.jpeg|https://www.vamsvet.ru/upload/iblock/4a6/torsher-freya-nubi-fr5134-fl-01-bg-3.jpeg;Nubi;Восхитительная модель FR5134-FL-01-BG от немецкой компании Freya относится к коллекции Nubi и отлично подойдет для установки на пол в гостиной, оформленной в стиле кантри. Торшер Freya Nubi FR5134-FL-01-BG с конусными плафонами осветит помещение площадью 2.2 кв. м. Производитель Freya рекомендует использовать для устройства лампы накаливания с цоколем E27 и мощностью 40 W. Прибор произведен с использованием материалов: дерево и ткань. Основным цветом товара является бежевый. Торшер FR5134-FL-01-BG продается по цене 27590 руб. Торопитесь сделать заказ в интернет-магазине ВамСвет.;Артикул:FR5134-FL-01-BG||Бренд:Freya||Страна бренда:Германия||Коллекция:Nubi||Стиль:Кантри||Высота, мм:1600||Диаметр, мм:425||Тип цоколя:E27||Тип лампочки (основной):Накаливания||Количество ламп:1||Мощность лампы, W:40||Общая мощность, W:40||Площадь освещения, м2:2.2||Напряжение, V:220-240||Виды материалов:Деревянные||Материал арматуры:Дерево||Материал плафонов:Ткань||Вид рассеивателя:Абажур||Форма рассеивателя:Конусный||Цвет:Бежевый||Цвет арматуры:Бежевый||Цвет плафонов:Бежевый||Степень защиты:IP20||Интерьер:Для гостиной||Место установки:На пол||Пульт ДУ:Нет||Гарантия производителя:12 месяцев||Гарантия магазина:12 месяцев||Раздел:Торшеры||Каталог:С 1 плафоном
Торшер TK Lighting 1092 lozano 1;1092 lozano 1;TK Lighting;Польша;Торшеры;Со столиком;23500;https://www.vamsvet.ru/upload/iblock/53a/vamsvet-torsher-tk-lighting-1092-lozano-1.jpeg;Lozano;Потрясающая модель 1092 lozano 1 от польской компании TK Lighting относится к коллекции Lozano и отлично подойдет для установки на пол кафе и ресторанов, оформленных в стиле кантри. Торшер TK Lighting 1092 lozano 1 с пирамидальными плафонами осветит помещение площадью 4 кв. м. Производитель TK Lighting рекомендует использовать для устройства лампы накаливания с цоколем E27 и мощностью 60 W. Прибор произведен с использованием материалов: дерево, металл и ткань. Основным цветом товара является коричневый, хромовый и белый. Торшер 1092 lozano 1 продается по цене 23500 руб. Торопитесь сделать заказ в интернет-магазине ВамСвет.;Артикул:1092 lozano 1||Бренд:TK Lighting||Страна бренда:Польша||Страна производства:Польша||Коллекция:Lozano||Стиль:Кантри||Ширина, мм:400||Высота, мм:1480||Длина, мм:400||Тип цоколя:E27||Тип лампочки (основной):Накаливания||Количество ламп:1||Мощность лампы, W:60||Общая мощность, W:60||Напряжение, V:220-240||Виды материалов:Деревянные||Материал арматуры:Металл||Материал плафонов:Ткань||Вид рассеивателя:Абажур||Форма рассеивателя:Пирамида||Цвет:Коричневый||Цвет арматуры:Хром||Цвет плафонов:Белый||Степень защиты:IP20||Интерьер:Для кафе и ресторанов||Место установки:На пол||Пульт ДУ:Нет||Срок службы:6 лет||Гарантия производителя:12 месяцев||Гарантия магазина:12 месяцев||Раздел:Торшеры||Каталог:Со столиком
Торшер Arte Lamp Elba A2581PN-1AB;A2581PN-1AB;Arte Lamp;Италия;Торшеры;С 1 плафоном;11990;https://www.vamsvet.ru/upload/iblock/d94/vamsvet-torsher-arte-lamp-elba-a2581pn-1ab.jpeg|https://www.vamsvet.ru/upload/iblock/dbb/torsher-arte-lamp-elba-a2581pn-1ab-1.jpeg|https://www.vamsvet.ru/upload/iblock/a7e/torsher-arte-lamp-elba-a2581pn-1ab-2.jpeg|https://www.vamsvet.ru/upload/iblock/686/torsher-arte-lamp-elba-a2581pn-1ab-3.jpeg|https://www.vamsvet.ru/upload/iblock/34c/torsher-arte-lamp-elba-a2581pn-1ab-4.jpeg|https://www.vamsvet.ru/upload/iblock/d94/vamsvet-torsher-arte-lamp-elba-a2581pn-1ab.jpeg|https://www.vamsvet.ru/upload/iblock/dbb/torsher-arte-lamp-elba-a2581pn-1ab-1.jpeg|https://www.vamsvet.ru/upload/iblock/a7e/torsher-arte-lamp-elba-a2581pn-1ab-2.jpeg|https://www.vamsvet.ru/upload/iblock/686/torsher-arte-lamp-elba-a2581pn-1ab-3.jpeg|https://www.vamsvet.ru/upload/iblock/34c/torsher-arte-lamp-elba-a2581pn-1ab-4.jpeg;Elba;Изящная модель A2581PN-1AB со встроенным выключателем от итальянской компании Arte Lamp относится к коллекции Elba и отлично подойдет для установки на пол спальни, оформленной в современном стиле. Торшер Arte Lamp Elba A2581PN-1AB с конусными плафонами осветит помещение площадью 3.3 кв. м. Производитель Arte Lamp рекомендует использовать для устройства лампы накаливания с цоколем E27 и мощностью 60 W. Прибор произведен с использованием материалов: текстиль, металл и ткань. Основным цветом товара является белый и античная бронза. Торшер A2581PN-1AB продается по цене 11990 руб. Торопитесь сделать заказ в интернет-магазине ВамСвет.;Артикул:A2581PN-1AB||Бренд:Arte Lamp||Страна бренда:Италия||Страна производства:Китай||Коллекция:Elba||Стиль:Современный||Высота, мм:1500||Диаметр, мм:380||Тип цоколя:E27||Тип лампочки (основной):Накаливания||Количество ламп:1||Мощность лампы, W:60||Общая мощность, W:60||Площадь освещения, м2:3.3||Напряжение, V:220-240||Виды материалов:Текстильные||Материал арматуры:Металл||Материал плафонов:Ткань||Вид рассеивателя:Абажур||Форма рассеивателя:Конусный||Цвет:Белый||Цвет арматуры:Античная бронза||Цвет плафонов:Белый||Степень защиты:IP20||Интерьер:Для спальни||Место установки:На пол||Наличие выключателя:Да||Гарантия производителя:12 месяцев||Гарантия магазина:12 месяцев||Раздел:Торшеры||Каталог:С 1 плафоном
Торшер Divinare Nova 3001/02 PN-6;3001/02 PN-6;Divinare;Италия;Торшеры;С 1 плафоном;79990;https://www.vamsvet.ru/upload/iblock/f80/vamsvet-torsher-divinare-nova-3001-02-pn-6.jpeg|https://www.vamsvet.ru/upload/iblock/603/torsher-divinare-nova-3001-02-pn-6-1.jpeg|https://www.vamsvet.ru/upload/iblock/f80/vamsvet-torsher-divinare-nova-3001-02-pn-6.jpeg|https://www.vamsvet.ru/upload/iblock/603/torsher-divinare-nova-3001-02-pn-6-1.jpeg;Nova;Исключительная модель 3001/02 PN-6 от итальянской компании Divinare относится к коллекции Nova и отлично подойдет для установки на пол больших залов, оформленных в современном стиле. Торшер Divinare Nova 3001/02 PN-6 с декоративными плафонами осветит помещение площадью 16 кв. м. Производитель Divinare рекомендует использовать для устройства лампы накаливания с цоколем E14 и мощностью 40 W. Прибор произведен с использованием материалов: хрусталь и металл. Основным цветом товара является хромовый и прозрачный. Торшер 3001/02 PN-6 продается по цене 79990 руб. Торопитесь сделать заказ в интернет-магазине ВамСвет.;Артикул:3001/02 PN-6||Бренд:Divinare||Страна бренда:Италия||Страна производства:Китай||Коллекция:Nova||Стиль:Современный||Высота, мм:1600||Диаметр, мм:500||Тип цоколя:E14||Тип лампочки (основной):Накаливания||Количество ламп:6||Мощность лампы, W:40||Общая мощность, W:240||Напряжение, V:220-240||Виды материалов:Хрустальные||Материал арматуры:Металл||Материал плафонов:Хрусталь||Вид рассеивателя:Плафон||Форма рассеивателя:Декоративный||Цвет:Хром||Цвет арматуры:Хром||Цвет плафонов:Прозрачный||Степень защиты:IP20||Интерьер:Для больших залов||Место установки:На пол||Гарантия производителя:12 месяцев||Гарантия магазина:12 месяцев||Раздел:Торшеры||Каталог:С 1 плафоном
Торшер Arte Lamp Elba A2581PN-1CC;A2581PN-1CC;Arte Lamp;Италия;Торшеры;С 1 плафоном;11990;https://www.vamsvet.ru/upload/iblock/533/vamsvet-torsher-arte-lamp-elba-a2581pn-1cc.jpeg|https://www.vamsvet.ru/upload/iblock/712/torsher-arte-lamp-elba-a2581pn-1cc-1.jpeg|https://www.vamsvet.ru/upload/iblock/8fa/torsher-arte-lamp-elba-a2581pn-1cc-2.jpeg|https://www.vamsvet.ru/upload/iblock/0cb/torsher-arte-lamp-elba-a2581pn-1cc-3.jpeg|https://www.vamsvet.ru/upload/iblock/c59/torsher-arte-lamp-elba-a2581pn-1cc-4.jpeg|https://www.vamsvet.ru/upload/iblock/533/vamsvet-torsher-arte-lamp-elba-a2581pn-1cc.jpeg|https://www.vamsvet.ru/upload/iblock/712/torsher-arte-lamp-elba-a2581pn-1cc-1.jpeg|https://www.vamsvet.ru/upload/iblock/8fa/torsher-arte-lamp-elba-a2581pn-1cc-2.jpeg|https://www.vamsvet.ru/upload/iblock/0cb/torsher-arte-lamp-elba-a2581pn-1cc-3.jpeg|https://www.vamsvet.ru/upload/iblock/c59/torsher-arte-lamp-elba-a2581pn-1cc-4.jpeg;Elba;Феноменальная модель A2581PN-1CC со встроенным выключателем от итальянской компании Arte Lamp относится к коллекции Elba и отлично подойдет для установки на пол спальни, оформленной в современном стиле. Торшер Arte Lamp Elba A2581PN-1CC с конусными плафонами осветит помещение площадью 3.3 кв. м. Производитель Arte Lamp рекомендует использовать для устройства лампы накаливания с цоколем E27 и мощностью 60 W. Прибор произведен с использованием материалов: текстиль, металл и ткань. Основным цветом товара является белый и хромовый. Торшер A2581PN-1CC продается по цене 11990 руб. Торопитесь сделать заказ в интернет-магазине ВамСвет.;Артикул:A2581PN-1CC||Бренд:Arte Lamp||Страна бренда:Италия||Страна производства:Китай||Коллекция:Elba||Стиль:Современный||Высота, мм:1500||Диаметр, мм:380||Тип цоколя:E27||Тип лампочки (основной):Накаливания||Количество ламп:1||Мощность лампы, W:60||Общая мощность, W:60||Площадь освещения, м2:3.3||Напряжение, V:220-240||Виды материалов:Текстильные||Материал арматуры:Металл||Материал плафонов:Ткань||Вид рассеивателя:Абажур||Форма рассеивателя:Конусный||Цвет:Белый||Цвет арматуры:Хром||Цвет плафонов:Белый||Степень защиты:IP20||Интерьер:Для спальни||Место установки:На пол||Наличие выключателя:Да||Гарантия производителя:12 месяцев||Гарантия магазина:12 месяцев||Раздел:Торшеры||Каталог:С 1 плафоном
Торшер Eglo Maronda 94995;94995;Eglo;Австрия;Торшеры;С 2 и более плафонами;14690;https://www.vamsvet.ru/upload/iblock/aec/vamsvet-torsher-eglo-maronda-94995.jpeg|https://www.vamsvet.ru/upload/iblock/aec/vamsvet-torsher-eglo-maronda-94995.jpeg|https://www.vamsvet.ru/upload/iblock/a3a/f4f99f6b-89f8-11e6-bde5-002590ec3f3b1.jpeg;Maronda;Изумительная модель 94995 со встроенным выключателем от австрийской компании Eglo относится к коллекции Maronda и отлично подойдет для установки на пол в гостиной, оформленной в современном стиле. Торшер Eglo Maronda 94995 с конусными плафонами осветит помещение площадью 6.7 кв. м. Производитель Eglo рекомендует использовать для устройства лампы накаливания с цоколем E14 и мощностью 40 W. Прибор произведен с использованием материалов: текстиль, металл и ткань. Основным цветом товара является черный и разноцветный. Торшер 94995 продается по цене 14690 руб. Торопитесь сделать заказ в интернет-магазине ВамСвет.;Артикул:94995||Бренд:Eglo||Страна бренда:Австрия||Страна производства:Китай||Коллекция:Maronda||Стиль:Современный||Ширина, мм:35||Высота, мм:1520||Длина, мм:275||Тип цоколя:E14||Тип лампочки (основной):Накаливания||Количество ламп:3||Мощность лампы, W:40||Общая мощность, W:120||Площадь освещения, м2:6.7||Напряжение, V:220-240||Виды материалов:Текстильные||Материал арматуры:Металл||Материал плафонов:Ткань||Вид рассеивателя:Абажур||Форма рассеивателя:Конусный||Цвет:Черный||Цвет арматуры:Черный||Цвет плафонов:Разноцветный||Степень защиты:IP20||Интерьер:Для гостиной||Место установки:На пол||Пульт ДУ:Нет||Наличие выключателя:Да||Гарантия производителя:2 года||Гарантия магазина:12 месяцев||Раздел:Торшеры||Каталог:С 2 и более плафонами
Торшер Eglo Up 2 82842;82842;Eglo;Австрия;Торшеры;С 2 и более плафонами;7690;https://www.vamsvet.ru/upload/iblock/928/vamsvet-torsher-eglo-up-2-82842.jpeg;Up;Изящная модель 82842 со встроенным выключателем от австрийской компании Eglo относится к коллекции Up и отлично подойдет для установки на пол кафе и ресторанов, оформленных в современном стиле. Торшер Eglo Up 2 82842 с полукруглыми плафонами осветит помещение площадью 6.7 кв. м. Производитель Eglo рекомендует использовать для устройства лампы накаливания с цоколем E27 и мощностью 60 W. Прибор произведен с использованием материалов: металл и пластик. Основным цветом товара является никелевый и белый. Торшер 2 82842 продается по цене 7690 руб. Торопитесь сделать заказ в интернет-магазине ВамСвет.;Артикул:82842||Бренд:Eglo||Страна бренда:Австрия||Страна производства:Китай||Коллекция:Up||Стиль:Современный||Высота, мм:1765||Диаметр, мм:275||Тип цоколя:E27||Тип цоколя (дополнительный):E14||Тип лампочки (основной):Накаливания||Тип лампочки (дополнительный):Энергосберегающая||Количество ламп:2||Мощность лампы, W:60||Общая мощность, W:85||Площадь освещения, м2:6.7||Напряжение, V:220-240||Виды материалов:Металлические||Материал арматуры:Металл||Материал плафонов:Пластик||Вид рассеивателя:Плафон||Форма рассеивателя:Полукруг||Цвет:Никель||Цвет арматуры:Никель||Цвет плафонов:Белый||Тип поверхности:Матовая||Степень защиты:IP20||Интерьер:Для кафе и ресторанов||Место установки:На пол||Пульт ДУ:Нет||Наличие выключателя:Да||Гарантия производителя:2 года||Гарантия магазина:12 месяцев||Раздел:Торшеры||Каталог:С 2 и более плафонами
Торшер Eglo Up 2 82844;82844;Eglo;Австрия;Торшеры;С 2 и более плафонами;7690;https://www.vamsvet.ru/upload/iblock/d97/vamsvet-torsher-eglo-up-2-82844.jpeg;Up;Дивная модель 82844 со встроенным выключателем от австрийской компании Eglo относится к коллекции Up и отлично подойдет для установки на пол прихожей, оформленной в современном стиле. Торшер Eglo Up 2 82844 с полукруглыми плафонами осветит помещение площадью 6.7 кв. м. Производитель Eglo рекомендует использовать для устройства лампы накаливания с цоколем E27 и мощностью 80 W. Прибор произведен с использованием материалов: металл и пластик. Основным цветом товара является бронзовый и белый. Торшер 2 82844 продается по цене 7690 руб. Торопитесь сделать заказ в интернет-магазине ВамСвет.;Артикул:82844||Бренд:Eglo||Страна бренда:Австрия||Страна производства:Китай||Коллекция:Up||Стиль:Современный||Высота, мм:1765||Диаметр, мм:275||Тип цоколя:E27||Тип цоколя (дополнительный):E14||Тип лампочки (основной):Накаливания||Тип лампочки (дополнительный):Энергосберегающая||Количество ламп:2||Мощность лампы, W:80||Общая мощность, W:85||Площадь освещения, м2:6.7||Напряжение, V:220-240||Виды материалов:Металлические||Материал арматуры:Металл||Материал плафонов:Пластик||Вид рассеивателя:Плафон||Форма рассеивателя:Полукруг||Цвет:Бронза||Цвет арматуры:Бронза||Цвет плафонов:Белый||Степень защиты:IP20||Интерьер:Для прихожей||Место установки:На пол||Пульт ДУ:Нет||Наличие выключателя:Да||Гарантия производителя:2 года||Гарантия магазина:12 месяцев||Раздел:Торшеры||Каталог:С 2 и более плафонами
Торшер ST Luce Redjino SLE106205-03;SLE106205-03;ST Luce;Италия;Торшеры;С 2 и более плафонами;15610;https://www.vamsvet.ru/upload/iblock/20b/vamsvet-torsher-st-luce-redjino-sle106205-03.jpeg|https://www.vamsvet.ru/upload/iblock/550/torsher-st-luce-redjino-sle106205-03-1.jpeg|https://www.vamsvet.ru/upload/iblock/bea/torsher-st-luce-redjino-sle106205-03-2.jpeg|https://www.vamsvet.ru/upload/iblock/20b/vamsvet-torsher-st-luce-redjino-sle106205-03.jpeg|https://www.vamsvet.ru/upload/iblock/550/torsher-st-luce-redjino-sle106205-03-1.jpeg|https://www.vamsvet.ru/upload/iblock/bea/torsher-st-luce-redjino-sle106205-03-2.jpeg;Redjino;Феноменальная модель SLE106205-03 со встроенным выключателем от итальянской компании ST Luce относится к коллекции Redjino и отлично подойдет для установки на пол в гостиной, оформленной в скандинавском стиле. Торшер ST Luce Redjino SLE106205-03 с плафонами в виде шаров осветит помещение площадью 4.5 кв. м. Производитель ST Luce рекомендует использовать для устройства светодиодные лампы с цоколем G9 и мощностью 3 W. Прибор произведен с использованием материалов: стекло и металл. В комплект поставки входят также лампы. Основным цветом товара является белый и золотой. Торшер SLE106205-03 продается по цене 15610 руб. Торопитесь сделать заказ в интернет-магазине ВамСвет.;Артикул:SLE106205-03||Бренд:ST Luce||Страна бренда:Италия||Страна производства:Китай||Коллекция:Redjino||Стиль:Скандинавский||Ширина, мм:303||Высота, мм:1381||Тип цоколя:G9||Тип лампочки (основной):Светодиодная||Количество ламп:3||Мощность лампы, W:3||Общая мощность, W:9||Площадь освещения, м2:4.5||Цветовая температура:4000K||Лампы в комплекте:Да||Напряжение, V:220-240||Виды материалов:Стеклянные||Материал арматуры:Металл||Материал плафонов:Стекло||Вид рассеивателя:Плафон||Форма рассеивателя:Шар||Цвет:Белый||Цвет арматуры:Золотой||Цвет плафонов:Белый||Степень защиты:IP20||Интерьер:Для гостиной||Место установки:На пол||Наличие выключателя:Да||Гарантия производителя:3 года||Гарантия магазина:12 месяцев||Раздел:Торшеры||Каталог:С 2 и более плафонами
Торшер Maytoni Farel Z001FL-L3W-1B;Z001FL-L3W-1B;Maytoni;Германия;Торшеры;С 2 и более плафонами;16790;https://www.vamsvet.ru/upload/iblock/e01/vamsvet-torsher-maytoni-farel-z001fl-l3w-1b.jpeg|https://www.vamsvet.ru/upload/iblock/7a6/torsher-maytoni-farel-z001fl-l3w-1b-1.jpeg|https://www.vamsvet.ru/upload/iblock/e01/vamsvet-torsher-maytoni-farel-z001fl-l3w-1b.jpeg|https://www.vamsvet.ru/upload/iblock/7a6/torsher-maytoni-farel-z001fl-l3w-1b-1.jpeg;Farel;Уникальная модель Z001FL-L3W-1B со встроенным выключателем от немецкой компании Maytoni относится к коллекции Farel и отлично подойдет для установки на пол спальни, оформленной в современном стиле. Торшер Maytoni Farel Z001FL-L3W-1B с пирамидальными плафонами осветит помещение площадью 6.7 кв. м. Производитель Maytoni рекомендует использовать для устройства лампы накаливания с цоколем E27 и мощностью 60 W. Прибор произведен с использованием материалов: текстиль, металл и ткань. Основным цветом товара является черный. Торшер Z001FL-L3W-1B продается по цене 16790 руб. Торопитесь сделать заказ в интернет-магазине ВамСвет.;Артикул:Z001FL-L3W-1B||Бренд:Maytoni||Страна бренда:Германия||Коллекция:Farel||Стиль:Современный||Ширина, мм:370||Высота, мм:1629||Длина, мм:370||Тип цоколя:E27||Тип цоколя (дополнительный):LED||Тип лампочки (основной):Накаливания||Тип лампочки (дополнительный):Светодиодная||Количество ламп:2||Мощность лампы, W:60||Общая мощность, W:120||Площадь освещения, м2:6.7||Напряжение, V:220-240||Виды материалов:Текстильные||Материал арматуры:Металл||Материал плафонов:Ткань||Вид рассеивателя:Абажур||Форма рассеивателя:Пирамида||Цвет:Черный||Цвет арматуры:Черный||Цвет плафонов:Черный||Степень защиты:IP20||Интерьер:Для спальни||Место установки:На пол||Наличие выключателя:Да||Гарантия производителя:2 года||Гарантия магазина:12 месяцев||Раздел:Торшеры||Каталог:С 2 и более плафонами
Торшер Maytoni Farel Z001FL-L3W-1W;Z001FL-L3W-1W;Maytoni;Германия;Торшеры;С 2 и более плафонами;16790;https://www.vamsvet.ru/upload/iblock/935/vamsvet-torsher-maytoni-farel-z001fl-l3w-1w.jpeg|https://www.vamsvet.ru/upload/iblock/ce7/torsher-maytoni-farel-z001fl-l3w-1w-1.jpeg|https://www.vamsvet.ru/upload/iblock/151/cff15b22-e591-11e8-80c0-0050568766813.jpeg|https://www.vamsvet.ru/upload/iblock/935/vamsvet-torsher-maytoni-farel-z001fl-l3w-1w.jpeg|https://www.vamsvet.ru/upload/iblock/ce7/torsher-maytoni-farel-z001fl-l3w-1w-1.jpeg|https://www.vamsvet.ru/upload/iblock/151/cff15b22-e591-11e8-80c0-0050568766813.jpeg;Farel;Неповторимая модель Z001FL-L3W-1W со встроенным выключателем от немецкой компании Maytoni относится к коллекции Farel и отлично подойдет для установки на пол спальни, оформленной в современном стиле. Торшер Maytoni Farel Z001FL-L3W-1W с пирамидальными плафонами осветит помещение площадью 6.7 кв. м. Производитель Maytoni рекомендует использовать для устройства лампы накаливания с цоколем E27 и мощностью 60 W. Прибор произведен с использованием материалов: текстиль, металл и ткань. Основным цветом товара является белый. Торшер Z001FL-L3W-1W продается по цене 16790 руб. Торопитесь сделать заказ в интернет-магазине ВамСвет.;Артикул:Z001FL-L3W-1W||Бренд:Maytoni||Страна бренда:Германия||Коллекция:Farel||Стиль:Современный||Ширина, мм:370||Высота, мм:1629||Длина, мм:370||Тип цоколя:E27||Тип цоколя (дополнительный):LED||Тип лампочки (основной):Накаливания||Тип лампочки (дополнительный):Светодиодная||Количество ламп:2||Мощность лампы, W:60||Общая мощность, W:120||Площадь освещения, м2:6.7||Напряжение, V:220-240||Виды материалов:Текстильные||Материал арматуры:Металл||Материал плафонов:Ткань||Вид рассеивателя:Абажур||Форма рассеивателя:Пирамида||Цвет:Белый||Цвет арматуры:Белый||Цвет плафонов:Белый||Степень защиты:IP20||Интерьер:Для спальни||Место установки:На пол||Наличие выключателя:Да||Гарантия производителя:2 года||Гарантия магазина:12 месяцев||Раздел:Торшеры||Каталог:С 2 и более плафонами
Торшер Freya Chabrol FR2302FL-04WG;FR2302FL-04WG;Freya;Германия;Торшеры;С 2 и более плафонами;19990;https://www.vamsvet.ru/upload/iblock/3e0/vamsvet-torsher-freya-chabrol-fr2302fl-04wg.jpeg|https://www.vamsvet.ru/upload/iblock/f13/torsher-freya-chabrol-fr2302fl-04wg-1.jpeg|https://www.vamsvet.ru/upload/iblock/2d1/torsher-freya-chabrol-fr2302fl-04wg-2.jpeg|https://www.vamsvet.ru/upload/iblock/938/torsher-freya-chabrol-fr2302fl-04wg-3.jpeg|https://www.vamsvet.ru/upload/iblock/0be/torsher-freya-chabrol-fr2302fl-04wg-4.jpeg|https://www.vamsvet.ru/upload/iblock/04e/torsher-freya-chabrol-fr2302fl-04wg-5.jpeg|https://www.vamsvet.ru/upload/iblock/537/torsher-freya-chabrol-fr2302fl-04wg-6.jpeg|https://www.vamsvet.ru/upload/iblock/9f3/torsher-freya-chabrol-fr2302fl-04wg-7.jpeg|https://www.vamsvet.ru/upload/iblock/3e0/vamsvet-torsher-freya-chabrol-fr2302fl-04wg.jpeg|https://www.vamsvet.ru/upload/iblock/f13/torsher-freya-chabrol-fr2302fl-04wg-1.jpeg|https://www.vamsvet.ru/upload/iblock/2d1/torsher-freya-chabrol-fr2302fl-04wg-2.jpeg|https://www.vamsvet.ru/upload/iblock/938/torsher-freya-chabrol-fr2302fl-04wg-3.jpeg|https://www.vamsvet.ru/upload/iblock/0be/torsher-freya-chabrol-fr2302fl-04wg-4.jpeg|https://www.vamsvet.ru/upload/iblock/04e/torsher-freya-chabrol-fr2302fl-04wg-5.jpeg|https://www.vamsvet.ru/upload/iblock/537/torsher-freya-chabrol-fr2302fl-04wg-6.jpeg|https://www.vamsvet.ru/upload/iblock/9f3/torsher-freya-chabrol-fr2302fl-04wg-7.jpeg;Chabrol;Выдающаяся модель FR2302FL-04WG со встроенным выключателем от немецкой компании Freya относится к коллекции Chabrol и отлично подойдет для установки на пол в гостиной, оформленной в стиле арт-деко. Торшер Freya Chabrol FR2302FL-04WG с декоративными плафонами осветит помещение площадью 8.9 кв. м. Производитель Freya рекомендует использовать для устройства лампы накаливания с цоколем E14 и мощностью 40 W. Прибор произведен с использованием материалов: стекло и металл. Основным цветом товара является золотой. Торшер FR2302FL-04WG продается по цене 19990 руб. Торопитесь сделать заказ в интернет-магазине ВамСвет.;Артикул:FR2302FL-04WG||Бренд:Freya||Страна бренда:Германия||Коллекция:Chabrol||Стиль:Арт-деко||Высота, мм:1551||Диаметр, мм:383||Тип цоколя:E14||Тип лампочки (основной):Накаливания||Количество ламп:4||Мощность лампы, W:40||Общая мощность, W:160||Площадь освещения, м2:8.9||Напряжение, V:220-240||Виды материалов:Стеклянные||Материал арматуры:Металл||Материал плафонов:Стекло||Вид рассеивателя:Плафон||Форма рассеивателя:Декоративный||Цвет:Золотой||Цвет арматуры:Золотой||Цвет плафонов:Золотой||Степень защиты:IP20||Интерьер:Для гостиной||Место установки:На пол||Пульт ДУ:Нет||Наличие выключателя:Да||Гарантия производителя:12 месяцев||Гарантия магазина:12 месяцев||Раздел:Торшеры||Каталог:С 2 и более плафонами
Торшер Freya Tina FR5034FL-02CH;FR5034FL-02CH;Freya;Германия;Торшеры;С 2 и более плафонами;20390;https://www.vamsvet.ru/upload/iblock/82d/vamsvet-torsher-freya-tina-fr5034fl-02ch.jpeg|https://www.vamsvet.ru/upload/iblock/fa8/torsher-freya-tina-fr5034fl-02ch-1.jpeg|https://www.vamsvet.ru/upload/iblock/82d/vamsvet-torsher-freya-tina-fr5034fl-02ch.jpeg|https://www.vamsvet.ru/upload/iblock/fa8/torsher-freya-tina-fr5034fl-02ch-1.jpeg;Tina;Утонченная модель FR5034FL-02CH со встроенным выключателем от немецкой компании Freya относится к коллекции Tina и отлично подойдет для установки на пол спальни, оформленной в современном стиле. Торшер Freya Tina FR5034FL-02CH с цилиндрическими плафонами осветит помещение площадью 4.4 кв. м. Производитель Freya рекомендует использовать для устройства лампы накаливания с цоколем E14 и мощностью 40 W. Прибор произведен с использованием материалов: текстиль, металл и ткань. Основным цветом товара является белый и хромовый. Торшер FR5034FL-02CH продается по цене 20390 руб. Торопитесь сделать заказ в интернет-магазине ВамСвет.;Артикул:FR5034FL-02CH||Бренд:Freya||Страна бренда:Германия||Коллекция:Tina||Стиль:Современный||Высота, мм:1580||Диаметр, мм:470||Тип цоколя:E14||Тип лампочки (основной):Накаливания||Количество ламп:2||Мощность лампы, W:40||Общая мощность, W:80||Площадь освещения, м2:4.4||Напряжение, V:220-240||Виды материалов:Текстильные||Материал арматуры:Металл||Материал плафонов:Ткань||Вид рассеивателя:Абажур||Форма рассеивателя:Цилиндр||Цвет:Белый||Цвет арматуры:Хром||Цвет плафонов:Белый||Степень защиты:IP20||Интерьер:Для спальни||Место установки:На пол||Наличие выключателя:Да||Гарантия производителя:12 месяцев||Гарантия магазина:12 месяцев||Раздел:Торшеры||Каталог:С 2 и более плафонами
Торшер Arte Lamp Connor A2102PN-1WH;A2102PN-1WH;Arte Lamp;Италия;Торшеры;Со столиком;12990;https://www.vamsvet.ru/upload/iblock/87c/vamsvet-torsher-arte-lamp-connor-a2102pn-1wh.jpeg|https://www.vamsvet.ru/upload/iblock/22f/torsher-arte-lamp-connor-a2102pn-1wh-1.jpeg|https://www.vamsvet.ru/upload/iblock/70b/torsher-arte-lamp-connor-a2102pn-1wh-2.jpeg|https://www.vamsvet.ru/upload/iblock/3ea/torsher-arte-lamp-connor-a2102pn-1wh-3.jpeg|https://www.vamsvet.ru/upload/iblock/87c/vamsvet-torsher-arte-lamp-connor-a2102pn-1wh.jpeg|https://www.vamsvet.ru/upload/iblock/22f/torsher-arte-lamp-connor-a2102pn-1wh-1.jpeg|https://www.vamsvet.ru/upload/iblock/70b/torsher-arte-lamp-connor-a2102pn-1wh-2.jpeg|https://www.vamsvet.ru/upload/iblock/3ea/torsher-arte-lamp-connor-a2102pn-1wh-3.jpeg;Connor;Неподражаемая модель A2102PN-1WH от итальянской компании Arte Lamp относится к коллекции Connor и отлично подойдет для установки на пол в гостиной, оформленной в современном стиле. Торшер Arte Lamp Connor A2102PN-1WH с конусными плафонами осветит помещение площадью 3.3 кв. м. Производитель Arte Lamp рекомендует использовать для устройства лампы накаливания с цоколем E27 и мощностью 60 W. Прибор произведен с использованием материалов: дерево, металл и ткань. Основным цветом товара является белый. Торшер A2102PN-1WH продается по цене 12990 руб. Торопитесь сделать заказ в интернет-магазине ВамСвет.;Артикул:A2102PN-1WH||Бренд:Arte Lamp||Страна бренда:Италия||Страна производства:Китай||Коллекция:Connor||Стиль:Современный||Высота, мм:1550||Диаметр, мм:350||Тип цоколя:E27||Тип лампочки (основной):Накаливания||Количество ламп:1||Мощность лампы, W:60||Общая мощность, W:60||Площадь освещения, м2:3.3||Напряжение, V:220-240||Виды материалов:Деревянные||Материал арматуры:Металл||Материал плафонов:Ткань||Вид рассеивателя:Абажур||Форма рассеивателя:Конусный||Цвет:Белый||Цвет арматуры:Белый||Цвет плафонов:Белый||Степень защиты:IP20||Интерьер:Для гостиной||Место установки:На пол||Гарантия производителя:12 месяцев||Гарантия магазина:12 месяцев||Раздел:Торшеры||Каталог:Со столиком
Торшер Maytoni Bouquet ARM023-FL-01-S;ARM023-FL-01-S;Maytoni;Германия;Торшеры;Со столиком;24990;https://www.vamsvet.ru/upload/iblock/fa3/vamsvet-torsher-maytoni-bouquet-arm023-fl-01-s.jpeg|https://www.vamsvet.ru/upload/iblock/572/torsher-maytoni-bouquet-arm023-fl-01-s-1.jpeg|https://www.vamsvet.ru/upload/iblock/a69/torsher-maytoni-bouquet-arm023-fl-01-s-2.jpeg|https://www.vamsvet.ru/upload/iblock/eaa/torsher-maytoni-bouquet-arm023-fl-01-s-3.jpeg|https://www.vamsvet.ru/upload/iblock/f6e/torsher-maytoni-bouquet-arm023-fl-01-s-4.jpeg|https://www.vamsvet.ru/upload/iblock/802/torsher-maytoni-bouquet-arm023-fl-01-s-5.jpeg|https://www.vamsvet.ru/upload/iblock/d99/torsher-maytoni-bouquet-arm023-fl-01-s-6.jpeg|https://www.vamsvet.ru/upload/iblock/fa3/vamsvet-torsher-maytoni-bouquet-arm023-fl-01-s.jpeg|https://www.vamsvet.ru/upload/iblock/572/torsher-maytoni-bouquet-arm023-fl-01-s-1.jpeg|https://www.vamsvet.ru/upload/iblock/a69/torsher-maytoni-bouquet-arm023-fl-01-s-2.jpeg|https://www.vamsvet.ru/upload/iblock/eaa/torsher-maytoni-bouquet-arm023-fl-01-s-3.jpeg|https://www.vamsvet.ru/upload/iblock/f6e/torsher-maytoni-bouquet-arm023-fl-01-s-4.jpeg|https://www.vamsvet.ru/upload/iblock/802/torsher-maytoni-bouquet-arm023-fl-01-s-5.jpeg|https://www.vamsvet.ru/upload/iblock/d99/torsher-maytoni-bouquet-arm023-fl-01-s-6.jpeg;Bouquet;Восхитительная модель ARM023-FL-01-S от немецкой компании Maytoni относится к коллекции Bouquet и отлично подойдет для установки на пол в гостиной, оформленной в дизайнерском стиле. Торшер Maytoni Bouquet ARM023-FL-01-S с конусными плафонами осветит помещение площадью 2.2 кв. м. Производитель Maytoni рекомендует использовать для устройства лампы накаливания с цоколем E27 и мощностью 40 W. Прибор произведен с использованием материалов: текстиль, металл и ткань. Основным цветом товара является серый и белый. Торшер ARM023-FL-01-S продается по цене 24990 руб. Торопитесь сделать заказ в интернет-магазине ВамСвет.;Артикул:ARM023-FL-01-S||Бренд:Maytoni||Страна бренда:Германия||Коллекция:Bouquet||Стиль:Дизайнерский||Высота, мм:1604||Диаметр, мм:500||Тип цоколя:E27||Тип лампочки (основной):Накаливания||Количество ламп:1||Мощность лампы, W:40||Общая мощность, W:40||Площадь освещения, м2:2.2||Напряжение, V:220-240||Виды материалов:Текстильные||Материал арматуры:Металл||Материал плафонов:Ткань||Вид рассеивателя:Абажур||Форма рассеивателя:Конусный||Цвет:Серый||Цвет арматуры:Серый||Цвет плафонов:Белый||Степень защиты:IP20||Интерьер:Для гостиной||Место установки:На пол||Пульт ДУ:Нет||Гарантия производителя:2 года||Гарантия магазина:12 месяцев||Раздел:Торшеры||Каталог:Со столиком
Торшер Arte Lamp A9310PN-1WG;A9310PN-1WG;Arte Lamp;Италия;Торшеры;С 1 плафоном;11040;https://www.vamsvet.ru/upload/iblock/5e7/vamsvet-torsher-arte-lamp-a9310pn-1wg.jpeg|https://www.vamsvet.ru/upload/iblock/c5f/torsher-arte-lamp-a9310pn-1wg-1.jpeg|https://www.vamsvet.ru/upload/iblock/5e7/vamsvet-torsher-arte-lamp-a9310pn-1wg.jpeg|https://www.vamsvet.ru/upload/iblock/c5f/torsher-arte-lamp-a9310pn-1wg-1.jpeg;9311;Незаурядная модель A9310PN-1WG от итальянской компании Arte Lamp относится к коллекции 9311 и отлично подойдет для установки на пол спальни, оформленной в современном стиле. Торшер Arte Lamp A9310PN-1WG с конусными плафонами осветит помещение площадью 4 кв. м. Производитель Arte Lamp рекомендует использовать для устройства лампы накаливания с цоколем E27 и мощностью 60 W. Прибор произведен с использованием материалов: текстиль, металл и ткань. Основным цветом товара является кремовый и белый. Торшер A9310PN-1WG продается по цене 11040 руб. Торопитесь сделать заказ в интернет-магазине ВамСвет.;Артикул:A9310PN-1WG||Бренд:Arte Lamp||Страна бренда:Италия||Страна производства:Китай||Коллекция:9311||Стиль:Современный||Высота, мм:1600||Диаметр, мм:350||Тип цоколя:E27||Тип лампочки (основной):Накаливания||Количество ламп:1||Мощность лампы, W:60||Общая мощность, W:60||Напряжение, V:220-240||Виды материалов:Текстильные||Материал арматуры:Металл||Материал плафонов:Ткань||Вид рассеивателя:Абажур||Форма рассеивателя:Конусный||Цвет:Кремовый||Цвет арматуры:Белый||Цвет плафонов:Кремовый||Степень защиты:IP20||Интерьер:Для спальни||Место установки:На пол||Гарантия производителя:12 месяцев||Гарантия магазина:12 месяцев||Раздел:Торшеры||Каталог:С 1 плафоном
Торшер Eglo Newtown 49474;49474;Eglo;Австрия;Торшеры;С 1 плафоном;11990;https://www.vamsvet.ru/upload/iblock/e9d/vamsvet-torsher-eglo-newtown-49474.jpeg;Newtown;Неподражаемая модель 49474 со встроенным выключателем от австрийской компании Eglo относится к коллекции Newtown и отлично подойдет для установки на пол кухни, оформленной в стиле лофт. Торшер Eglo Newtown 49474 с овальными плафонами осветит помещение площадью 3.3 кв. м. Производитель Eglo рекомендует использовать для устройства лампы накаливания с цоколем E27 и мощностью 60 W. Прибор произведен с использованием материала: металл. Основным цветом товара является черный. Торшер 49474 продается по цене 11990 руб. Торопитесь сделать заказ в интернет-магазине ВамСвет.;Артикул:49474||Бренд:Eglo||Страна бренда:Австрия||Страна производства:Китай||Коллекция:Newtown||Стиль:Лофт||Высота, мм:1595||Диаметр, мм:275||Тип цоколя:E27||Тип лампочки (основной):Накаливания||Количество ламп:1||Мощность лампы, W:60||Общая мощность, W:60||Площадь освещения, м2:3.3||Лампы в комплекте:Нет||Напряжение, V:220-240||Виды материалов:Металлические||Материал арматуры:Металл||Материал плафонов:Металл||Вид рассеивателя:Плафон||Форма рассеивателя:Овал||Цвет:Черный||Цвет арматуры:Черный||Цвет плафонов:Черный||Степень защиты:IP20||Интерьер:Для кухни||Место установки:На пол||Пульт ДУ:Нет||Наличие выключателя:Да||Гарантия производителя:2 года||Гарантия магазина:12 месяцев||Раздел:Торшеры||Каталог:С 1 плафоном
Торшер Eglo Maserlo 95169;95169;Eglo;Австрия;Торшеры;С 1 плафоном;13390;https://www.vamsvet.ru/upload/iblock/9e8/vamsvet-torsher-eglo-maserlo-95169.jpeg;Maserlo;Уникальная модель 95169 со встроенным выключателем от австрийской компании Eglo относится к коллекции Maserlo и отлично подойдет для установки на пол спальни, оформленной в современном стиле. Торшер Eglo Maserlo 95169 с цилиндрическими плафонами осветит помещение площадью 3.3 кв. м. Производитель Eglo рекомендует использовать для устройства лампы накаливания с цоколем E27 и мощностью 60 W. Прибор произведен с использованием материалов: текстиль, металл и ткань. Основным цветом товара является черный, никелевый и золотой. Торшер 95169 продается по цене 13390 руб. Торопитесь сделать заказ в интернет-магазине ВамСвет.;Артикул:95169||Бренд:Eglo||Страна бренда:Австрия||Страна производства:Китай||Коллекция:Maserlo||Стиль:Современный||Высота, мм:1510||Диаметр, мм:380||Тип цоколя:E27||Тип лампочки (основной):Накаливания||Количество ламп:1||Мощность лампы, W:60||Общая мощность, W:60||Площадь освещения, м2:3.3||Напряжение, V:220-240||Виды материалов:Текстильные||Материал арматуры:Металл||Материал плафонов:Ткань||Вид рассеивателя:Абажур||Форма рассеивателя:Цилиндр||Цвет:Черный||Цвет арматуры:Никель||Цвет плафонов:Золотой||Тип поверхности:Матовая||Степень защиты:IP20||Интерьер:Для спальни||Место установки:На пол||Пульт ДУ:Нет||Наличие выключателя:Да||Гарантия производителя:2 года||Гарантия магазина:12 месяцев||Раздел:Торшеры||Каталог:С 1 плафоном
Торшер Eglo Viserbella 97647;97647;Eglo;Австрия;Торшеры;С 1 плафоном;14690;https://www.vamsvet.ru/upload/iblock/f6d/vamsvet-torsher-eglo-viserbella-97647.jpeg;Viserbella;Уникальная модель 97647 от австрийской компании Eglo относится к коллекции Viserbella и отлично подойдет для установки на пол прихожей, оформленной в современном стиле. Торшер Eglo Viserbella 97647 с цилиндрическими плафонами осветит помещение площадью 3.3 кв. м. Производитель Eglo рекомендует использовать для устройства лампы накаливания с цоколем E27 и мощностью 60 W. Прибор произведен с использованием материалов: текстиль, металл и ткань. Основным цветом товара является золотой. Торшер 97647 продается по цене 14690 руб. Торопитесь сделать заказ в интернет-магазине ВамСвет.;Артикул:97647||Бренд:Eglo||Страна бренда:Австрия||Страна производства:Китай||Коллекция:Viserbella||Стиль:Современный||Высота, мм:1585||Диаметр, мм:280||Тип цоколя:E27||Тип лампочки (основной):Накаливания||Количество ламп:1||Мощность лампы, W:60||Общая мощность, W:60||Площадь освещения, м2:3.3||Напряжение, V:220-240||Виды материалов:Текстильные||Материал арматуры:Металл||Материал плафонов:Ткань||Вид рассеивателя:Абажур||Форма рассеивателя:Цилиндр||Цвет:Золотой||Цвет арматуры:Золотой||Цвет плафонов:Золотой||Степень защиты:IP20||Интерьер:Для прихожей||Место установки:На пол||Гарантия производителя:2 года||Гарантия магазина:12 месяцев||Раздел:Торшеры||Каталог:С 1 плафоном
Торшер Eglo Rekalde 98674;98674;Eglo;Австрия;Торшеры;С 1 плафоном;14390;https://www.vamsvet.ru/upload/iblock/bf9/vamsvet-torsher-eglo-rekalde-98674.jpeg;Rekalde;Потрясающая модель 98674 со встроенным выключателем от австрийской компании Eglo относится к коллекции Rekalde и отлично подойдет для установки на пол в гостиной, оформленной в современном стиле. Торшер Eglo Rekalde 98674 с конусными плафонами осветит помещение площадью 2.2 кв. м. Производитель Eglo рекомендует использовать для устройства лампы накаливания с цоколем E27 и мощностью 40 W. Прибор произведен с использованием материала: металл. Основным цветом товара является черный. Торшер 98674 продается по цене 14390 руб. Торопитесь сделать заказ в интернет-магазине ВамСвет.;Артикул:98674||Бренд:Eglo||Страна бренда:Австрия||Страна производства:Китай||Коллекция:Rekalde||Стиль:Современный||Ширина, мм:160||Высота, мм:1500||Длина, мм:290||Тип цоколя:E27||Тип лампочки (основной):Накаливания||Количество ламп:1||Мощность лампы, W:40||Общая мощность, W:40||Площадь освещения, м2:2.2||Напряжение, V:220-240||Виды материалов:Металлические||Материал арматуры:Металл||Материал плафонов:Металл||Вид рассеивателя:Плафон||Форма рассеивателя:Конусный||Цвет:Черный||Цвет арматуры:Черный||Цвет плафонов:Черный||Степень защиты:IP20||Интерьер:Для гостиной||Место установки:На пол||Наличие выключателя:Да||Гарантия производителя:2 года||Гарантия магазина:12 месяцев||Раздел:Торшеры||Каталог:С 1 плафоном
Торшер ST Luce Lazio SL6002.205.01;SL6002.205.01;ST Luce;Италия;Торшеры;С 1 плафоном;12500;https://www.vamsvet.ru/upload/iblock/f0b/vamsvet-torsher-st-luce-lazio-sl6002-205-01.jpeg|https://www.vamsvet.ru/upload/iblock/2db/torsher-st-luce-lazio-sl6002-205-01-1.jpeg|https://www.vamsvet.ru/upload/iblock/d93/torsher-st-luce-lazio-sl6002-205-01-2.jpeg|https://www.vamsvet.ru/upload/iblock/f0b/vamsvet-torsher-st-luce-lazio-sl6002-205-01.jpeg|https://www.vamsvet.ru/upload/iblock/2db/torsher-st-luce-lazio-sl6002-205-01-1.jpeg|https://www.vamsvet.ru/upload/iblock/d93/torsher-st-luce-lazio-sl6002-205-01-2.jpeg;Lazio;Выдающаяся модель SL6002.205.01 со встроенным выключателем от итальянской компании ST Luce относится к коллекции Lazio и отлично подойдет для установки на пол прихожей, оформленной в современном стиле. Торшер ST Luce Lazio SL6002.205.01 с круглыми плафонами осветит помещение площадью 3 кв. м. холодным светом. Осветительный элемент встроен в конструкцию и не требует приобретения дополнительных лампочек. Прибор произведен с использованием материалов: стекло и металл. Основным цветом товара является янтарный и золотой. Торшер SL6002.205.01 продается по цене 12500 руб. Торопитесь сделать заказ в интернет-магазине ВамСвет.;Артикул:SL6002.205.01||Бренд:ST Luce||Страна бренда:Италия||Страна производства:Китай||Коллекция:Lazio||Стиль:Современный||Количество плафонов:1||Высота, мм:1300||Диаметр, мм:230||Тип цоколя:LED||Тип лампочки (основной):Светодиодная||Мощность лампы, W:7||Общая мощность, W:7||Площадь освещения, м2:3||Световой поток, lm:420||Цветовая температура:4000K||Лампы в комплекте:Да||Напряжение, V:220-240||Виды материалов:Стеклянные||Материал арматуры:Металл||Материал плафонов:Стекло||Вид рассеивателя:Плафон||Форма рассеивателя:Круглый||Цвет:Янтарный||Цвет арматуры:Золотой||Цвет плафонов:Янтарный||Степень защиты:IP20||Интерьер:Для прихожей||Место установки:На пол||Наличие выключателя:Да||Цвет свечения:Дневной белый||Срок службы:10 лет||Гарантия производителя:3 года||Гарантия магазина:12 месяцев||Раздел:Торшеры||Каталог:С 1 плафоном
Торшер ST Luce Modica SL1503.205.01;SL1503.205.01;ST Luce;Италия;Торшеры;С 1 плафоном;14750;https://www.vamsvet.ru/upload/iblock/595/vamsvet-torsher-st-luce-modica-sl1503-205-01.jpeg|https://www.vamsvet.ru/upload/iblock/759/torsher-st-luce-modica-sl1503-205-01-1.jpeg|https://www.vamsvet.ru/upload/iblock/f5f/torsher-st-luce-modica-sl1503-205-01-2.jpeg|https://www.vamsvet.ru/upload/iblock/595/vamsvet-torsher-st-luce-modica-sl1503-205-01.jpeg|https://www.vamsvet.ru/upload/iblock/759/torsher-st-luce-modica-sl1503-205-01-1.jpeg|https://www.vamsvet.ru/upload/iblock/f5f/torsher-st-luce-modica-sl1503-205-01-2.jpeg;Modica;Изысканная модель SL1503.205.01 от итальянской компании ST Luce относится к коллекции Modica. Торшер ST Luce Modica SL1503.205.01 осветит помещение площадью 2 кв. м. Производитель ST Luce рекомендует использовать для устройства лампы накаливания с цоколем E27 и мощностью 40 W. Прибор произведен с использованием материалов: металл и стекло. Основным цветом товара является золотой и белый. Торшер SL1503.205.01 продается по цене 14750 руб. Торопитесь сделать заказ в интернет-магазине ВамСвет.;Артикул:SL1503.205.01||Бренд:ST Luce||Страна бренда:Италия||Страна производства:Китай||Коллекция:Modica||Стиль:Модерн||Количество плафонов:1||Высота, мм:1480||Диаметр, мм:420||Регулировка по высоте:false||Тип цоколя:E27||Тип лампочки (основной):Накаливания||Количество ламп:1||Мощность лампы, W:40||Общая мощность, W:40||Площадь освещения, м2:2||Напряжение, V:220-240||Виды материалов:Металлические||Материал арматуры:Металл||Материал плафонов:Стекло||Вид рассеивателя:Плафон||Цвет:Золотой||Цвет арматуры:Золотой||Цвет плафонов:Белый||Тип поверхности:Матовая||Степень защиты:IP20||Место установки:На пол||Гарантия производителя:12 месяцев||Гарантия магазина:12 месяцев||Раздел:Торшеры||Каталог:С 1 плафоном
Торшер Crystal Lux Sergio PT1 Gold;Sergio PT1 Gold;Crystal Lux;Испания;Торшеры;С 1 плафоном;11900;https://www.vamsvet.ru/upload/iblock/91a/vamsvet-torsher-crystal-lux-sergio-pt1-gold.jpeg|https://www.vamsvet.ru/upload/iblock/740/torsher-crystal-lux-sergio-pt1-gold-1.jpeg|https://www.vamsvet.ru/upload/iblock/91a/vamsvet-torsher-crystal-lux-sergio-pt1-gold.jpeg|https://www.vamsvet.ru/upload/iblock/740/torsher-crystal-lux-sergio-pt1-gold-1.jpeg;Sergio;Восхитительная модель Sergio PT1 Gold от испанской компании Crystal Lux относится к коллекции Sergio и отлично подойдет для установки на пол в гостиной, оформленной в современном стиле. Торшер Crystal Lux Sergio PT1 Gold с цилиндрическими плафонами осветит помещение площадью 3.3 кв. м. Производитель Crystal Lux рекомендует использовать для устройства лампы накаливания с цоколем E27 и мощностью 60 W. Прибор произведен с использованием материалов: текстиль, металл и ткань. Основным цветом товара является бежевый и золотой. Торшер Sergio PT1 Gold продается по цене 11900 руб. Торопитесь сделать заказ в интернет-магазине ВамСвет.;Артикул:Sergio PT1 Gold||Бренд:Crystal Lux||Страна бренда:Испания||Страна производства:Китай||Коллекция:Sergio||Стиль:Современный||Высота, мм:1460||Диаметр, мм:280||Тип цоколя:E27||Тип лампочки (основной):Накаливания||Количество ламп:1||Мощность лампы, W:60||Общая мощность, W:60||Площадь освещения, м2:3.3||Напряжение, V:220-240||Виды материалов:Текстильные||Материал арматуры:Металл||Материал плафонов:Ткань||Вид рассеивателя:Абажур||Форма рассеивателя:Цилиндр||Цвет:Бежевый||Цвет арматуры:Золотой||Цвет плафонов:Бежевый||Степень защиты:IP20||Интерьер:Для гостиной||Место установки:На пол||Срок службы:2 года||Гарантия производителя:12 месяцев||Гарантия магазина:12 месяцев||Раздел:Торшеры||Каталог:С 1 плафоном
Торшер Crystal Lux Marsela PT1 Nickel;Marsela PT1 Nickel;Crystal Lux;Испания;Торшеры;С 1 плафоном;14900;https://www.vamsvet.ru/upload/iblock/009/vamsvet-torsher-crystal-lux-marsela-pt1-nickel.jpeg|https://www.vamsvet.ru/upload/iblock/40b/torsher-crystal-lux-marsela-pt1-nickel-1.jpeg|https://www.vamsvet.ru/upload/iblock/009/vamsvet-torsher-crystal-lux-marsela-pt1-nickel.jpeg|https://www.vamsvet.ru/upload/iblock/40b/torsher-crystal-lux-marsela-pt1-nickel-1.jpeg;Marsela;Превосходная модель Marsela PT1 Nickel от испанской компании Crystal Lux относится к коллекции Marsela и отлично подойдет для установки на пол в гостиной, оформленной в стиле арт-деко. Торшер Crystal Lux Marsela PT1 Nickel с пирамидальными плафонами осветит помещение площадью 50 кв. м. Производитель Crystal Lux рекомендует использовать для устройства светодиодные лампы с цоколем E27 и мощностью 100 W. Прибор произведен с использованием материалов: текстиль, металл и ткань. Основным цветом товара является белый и никелевый. Торшер Marsela PT1 Nickel продается по цене 14900 руб. Торопитесь сделать заказ в интернет-магазине ВамСвет.;Артикул:Marsela PT1 Nickel||Бренд:Crystal Lux||Страна бренда:Испания||Страна производства:Китай||Коллекция:Marsela||Стиль:Арт-деко||Высота, мм:1474||Диаметр, мм:300||Тип цоколя:E27||Тип лампочки (основной):Светодиодная||Количество ламп:1||Мощность лампы, W:100||Общая мощность, W:100||Площадь освещения, м2:50||Напряжение, V:220-240||Виды материалов:Текстильные||Материал арматуры:Металл||Материал плафонов:Ткань||Вид рассеивателя:Абажур||Форма рассеивателя:Пирамида||Цвет:Белый||Цвет арматуры:Никель||Цвет плафонов:Белый||Степень защиты:IP20||Интерьер:Для гостиной||Место установки:На пол||Срок службы:2 года||Гарантия производителя:12 месяцев||Гарантия магазина:12 месяцев||Раздел:Торшеры||Каталог:С 1 плафоном
Торшер Crystal Lux Renata PT1 Gold;Renata PT1 Gold;Crystal Lux;Испания;Торшеры;С 1 плафоном;11600;https://www.vamsvet.ru/upload/iblock/9d8/vamsvet-torsher-crystal-lux-renata-pt1-gold.jpeg|https://www.vamsvet.ru/upload/iblock/77d/torsher-crystal-lux-renata-pt1-gold-1.jpeg|https://www.vamsvet.ru/upload/iblock/9d8/vamsvet-torsher-crystal-lux-renata-pt1-gold.jpeg|https://www.vamsvet.ru/upload/iblock/77d/torsher-crystal-lux-renata-pt1-gold-1.jpeg;Renata;Поразительная модель Renata PT1 Gold от испанской компании Crystal Lux относится к коллекции Renata и отлично подойдет для установки на пол в гостиной, оформленной в стиле арт-деко. Торшер Crystal Lux Renata PT1 Gold с конусными плафонами осветит помещение площадью 3.3 кв. м. Производитель Crystal Lux рекомендует использовать для устройства лампы накаливания с цоколем E27 и мощностью 60 W. Прибор произведен с использованием материалов: текстиль, металл и ткань. Основным цветом товара является бежевый и золотой. Торшер Renata PT1 Gold продается по цене 11600 руб. Торопитесь сделать заказ в интернет-магазине ВамСвет.;Ар